<?xml version="1.0" encoding="UTF-8"?>
<beans xsi:schemaLocation=" http://www.springframework.org/schema/beans 
http://www.springframework.org/schema/beans/spring-beans.xsd 
http://www.springframework.org/schema/context 
http://www.springframework.org/schema/context/spring-context.xsd 
http://www.springframework.org/schema/mvc 
http://www.springframework.org/schema/mvc/spring-mvc.xsd" 
xmlns:mvc="http://www.springframework.org/schema/mvc" 
xmlns:xsi="http://www.w3.org/2001/XMLSchema-instance" 
xmlns:context="http://www.springframework.org/schema/context" 
xmlns="http://www.springframework.org/schema/beans">

	
	<mvc:annotation-driven/>

	<context:component-scan base-package="com.niit.*"/>
	<context:component-scan base-package="com.niit"/>
	
	
	
	<bean class="org.springframework.web.servlet.view.InternalResourceViewResolver" id= "viewResolver">
	<property value="/WEB-INF/views/" name="prefix"/>
	<property value=".jsp" name="suffix"/>
	</bean>
	
	<!-- Bean For Image Uploading -->
	<bean id="multipartResolver" class="org.springframework.web.multipart.commons.CommonsMultipartResolver">
	</bean>
	<mvc:resources location="/resources/" mapping="/resources/**"></mvc:resources>
	
</beans>