<?xml version="1.0" encoding="UTF-8"?>
<!-- <beans xmlns="http://www.springframework.org/schema/beans"
	xmlns:xsi="http://www.w3.org/2001/XMLSchema-instance"
	xmlns:security="http://www.springframework.org/schema/security"
	xsi:schemaLocation="http://www.springframework.org/schema/beans 
       http://www.springframework.org/schema/beans/spring-beans.xsd
        http://www.springframework.org/schema/security 
       http://www.springframework.org/schema/security/spring-security.xsd"> -->
       
<beans:beans xmlns="http://www.springframework.org/schema/security" 
xmlns:mvc="http://www.springframework.org/schema/mvc" 
xmlns:context="http://www.springframework.org/schema/context" 
xmlns:xsi="http://www.w3.org/2001/XMLSchema-instance" 
xmlns:tx="http://www.springframework.org/schema/tx" 
xmlns:security="http://www.springframework.org/schema/security" 
xmlns:beans="http://www.springframework.org/schema/beans" 
xsi:schemaLocation="http://www.springframework.org/schema/beans 
http://www.springframework.org/schema/beans/spring-beans.xsd 
http://www.springframework.org/schema/mvc 
http://www.springframework.org/schema/mvc/spring-mvc.xsd 
http://www.springframework.org/schema/context 
http://www.springframework.org/schema/context/spring-context.xsd 
http://www.springframework.org/schema/tx 
http://www.springframework.org/schema/tx/spring-tx.xsd 
http://www.springframework.org/schema/security 
http://www.springframework.org/schema/security/spring-security.xsd">

	<security:http auto-config="true" >
		<security:csrf disabled="true" />
		<security:intercept-url pattern="/admin/**"  access="hasRole('ROLE_ADMIN')" />
		<security:intercept-url pattern="/cart/**"  access="hasRole('ROLE_USER')" />
		<security:intercept-url pattern="/**" access="permitAll" />


		<security:form-login 
			default-target-url="/home" 
			username-parameter="username" password-parameter="password"
			login-processing-url="/j_spring_security_check"
			authentication-failure-url="/loginf"/>
			
		<security:logout logout-success-url="/"
			logout-url="/j_spring_security_logout" />

	</security:http>
<security:authentication-manager>
		<security:authentication-provider>
				<security:jdbc-user-service 
				users-by-username-query="select username,password,enabled from User where username=?"
				authorities-by-username-query="select username, role from User where username =?"
				data-source-ref="dataSource" />
	</security:authentication-provider>
</security:authentication-manager>

</beans:beans>